DELETE FROM `creature` WHERE `guid` BETWEEN 5800000 AND 5800104;
INSERT INTO `creature` (`guid`, `id1`, `id2`, `id3`, `map`, `zoneId`, `areaId`, `spawnMask`, `phaseMask`, `equipment_id`, `position_x`, `position_y`, `position_z`, `orientation`, `spawntimesecs`, `wander_distance`, `currentwaypoint`, `curhealth`, `curmana`, `MovementType`, `npcflag`, `unit_flags`, `dynamicflags`, `ScriptName`, `VerifiedBuild`, `CreateObject`, `Comment`) VALUES
(5800000, 12127, 0, 0, 30, 0, 0, 1, 1, 1, 637.607, -54.6555, 42.2977, 2.87433, 120, 0, 0, 0, 0, 0, 0, 0, 0, NULL, NULL, 0, NULL),
(5800001, 12127, 0, 0, 30, 0, 0, 1, 1, 1, 639.576, -44.1844, 44.4161, 4.14298, 120, 0, 0, 0, 0, 2, 0, 0, 0, NULL, NULL, 0, NULL),
(5800002, 12127, 0, 0, 30, 0, 0, 1, 1, 1, 640.677, -44.9668, 44.4964, 4.09194, 120, 0, 0, 0, 0, 0, 0, 0, 0, NULL, NULL, 0, NULL),
(5800003, 12127, 0, 0, 30, 0, 0, 1, 1, 1, 646.102, -102.444, 49.582, 2.96778, 120, 0, 0, 0, 0, 0, 0, 0, 0, NULL, NULL, 0, NULL),
(5800004, 12127, 0, 0, 30, 0, 0, 1, 1, 1, 625.171, -150.06, 33.3684, 4.32755, 120, 0, 0, 0, 0, 0, 0, 0, 0, NULL, NULL, 0, NULL),
(5800005, 12127, 0, 0, 30, 0, 0, 1, 1, 1, 637.596, -230.508, 37.508, 3.31479, 120, 0, 0, 0, 0, 0, 0, 0, 0, NULL, NULL, 0, NULL),
(5800006, 12127, 0, 0, 30, 0, 0, 1, 1, 1, 624.473, -232.804, 37.4727, 0.151753, 120, 0, 0, 0, 0, 0, 0, 0, 0, NULL, NULL, 0, NULL),
(5800007, 12127, 0, 0, 30, 0, 0, 1, 1, 1, 627.704, -272.228, 30.1336, 4.89551, 120, 0, 0, 0, 0, 0, 0, 0, 0, NULL, NULL, 0, NULL),
(5800008, 12127, 0, 0, 30, 0, 0, 1, 1, 1, 645.945, -270.983, 30.1329, 4.85466, 120, 0, 0, 0, 0, 0, 0, 0, 0, NULL, NULL, 0, NULL),
(5800009, 12127, 0, 0, 30, 0, 0, 1, 1, 1, 597.395, -337.063, 30.2308, 6.08292, 120, 0, 0, 0, 0, 2, 0, 0, 0, NULL, NULL, 0, NULL),
(5800010, 12127, 0, 0, 30, 0, 0, 1, 1, 1, 597.582, -335.302, 30.52, 6.17717, 120, 0, 0, 0, 0, 0, 0, 0, 0, NULL, NULL, 0, NULL),
(5800011, 12127, 0, 0, 30, 0, 0, 1, 1, 1, 445.798, -375.968, -1.19751, 0.296864, 120, 0, 0, 0, 0, 2, 0, 0, 0, NULL, NULL, 0, NULL),
(5800012, 12127, 0, 0, 30, 0, 0, 1, 1, 1, 445.3, -374.342, -1.24307, 0.296864, 120, 0, 0, 0, 0, 0, 0, 0, 0, NULL, NULL, 0, NULL),
(5800013, 12127, 0, 0, 30, 0, 0, 1, 1, 1, 445.005, -434.492, 29.0796, 2.39781, 120, 0, 0, 0, 0, 2, 0, 0, 0, NULL, NULL, 0, NULL),
(5800014, 12127, 0, 0, 30, 0, 0, 1, 1, 1, 443.732, -435.783, 29.1083, 2.34676, 120, 0, 0, 0, 0, 0, 0, 0, 0, NULL, NULL, 0, NULL),
(5800015, 12127, 0, 0, 30, 0, 0, 1, 1, 1, 549.44, -398.583, 53.4753, 3.38428, 120, 0, 0, 0, 0, 2, 0, 0, 0, NULL, NULL, 0, NULL),
(5800016, 12127, 0, 0, 30, 0, 0, 1, 1, 1, 548.831, -396.122, 53.4711, 3.38428, 120, 0, 0, 0, 0, 0, 0, 0, 0, NULL, NULL, 0, NULL),
(5800017, 14284, 0, 0, 30, 0, 0, 1, 1, 1, 937.097, -504.963, 94.167, 5.28179, 120, 0, 0, 0, 0, 0, 0, 0, 0, NULL, NULL, 0, NULL),
(5800018, 14284, 0, 0, 30, 0, 0, 1, 1, 1, 939.42, -502.777, 94.5887, 5.14872, 120, 0, 0, 0, 0, 0, 0, 0, 0, NULL, NULL, 0, NULL),
(5800019, 14284, 0, 0, 30, 0, 0, 1, 1, 1, 949.1, -506.913, 95.4237, 3.31613, 120, 0, 0, 0, 0, 0, 0, 0, 0, NULL, NULL, 0, NULL),
(5800020, 14284, 0, 0, 30, 0, 0, 1, 1, 1, 947.412, -509.982, 95.1098, 2.82743, 120, 0, 0, 0, 0, 0, 0, 0, 0, NULL, NULL, 0, NULL),
(5800021, 14284, 0, 0, 30, 0, 0, 1, 1, 1, 788.582, -493.418, 99.3254, 6.18298, 120, 0, 0, 0, 0, 2, 0, 0, 0, NULL, NULL, 0, NULL),
(5800022, 14284, 0, 0, 30, 0, 0, 1, 1, 1, 937.461, -510.505, 93.8539, 3.63247, 120, 0, 0, 0, 0, 2, 0, 0, 0, NULL, NULL, 0, NULL),
(5800023, 14283, 0, 0, 30, 0, 0, 1, 1, 0, 788.313, -495.479, 99.527, 6.16334, 120, 0, 0, 0, 0, 0, 0, 0, 0, NULL, NULL, 0, NULL),
(5800024, 14283, 0, 0, 30, 0, 0, 1, 1, 0, 788.775, -491.643, 99.3684, 6.17512, 120, 0, 0, 0, 0, 0, 0, 0, 0, NULL, NULL, 0, NULL),
(5800025, 14283, 0, 0, 30, 0, 0, 1, 1, 0, 938.43, -512.281, 93.9656, 3.63247, 120, 0, 0, 0, 0, 0, 0, 0, 0, NULL, NULL, 0, NULL),
(5800026, 14283, 0, 0, 30, 0, 0, 1, 1, 0, 936.358, -508.404, 93.8929, 3.63247, 120, 0, 0, 0, 0, 0, 0, 0, 0, NULL, NULL, 0, NULL),
(5800027, 14284, 0, 0, 30, 0, 0, 1, 1, 1, 775.204, -485.476, 98.9171, 3.92814, 120, 0, 0, 0, 0, 0, 0, 0, 0, NULL, NULL, 0, NULL),
(5800028, 14284, 0, 0, 30, 0, 0, 1, 1, 1, 776.621, -487.775, 99.4049, 3.50811, 120, 0, 0, 0, 0, 0, 0, 0, 0, NULL, NULL, 0, NULL),
(5800029, 14284, 0, 0, 30, 0, 0, 1, 1, 1, 775.774, -497.052, 99.3424, 2.37663, 120, 0, 0, 0, 0, 0, 0, 0, 0, NULL, NULL, 0, NULL),
(5800030, 14284, 0, 0, 30, 0, 0, 1, 1, 1, 773.874, -498.323, 99.2116, 2.07412, 120, 0, 0, 0, 0, 0, 0, 0, 0, NULL, NULL, 0, NULL),
(5800031, 12127, 0, 0, 30, 0, 0, 1, 1, 1, 697.118, -433.26, 62.7082, 1.84664, 120, 0, 0, 0, 0, 2, 0, 0, 0, NULL, NULL, 0, NULL),
(5800032, 12127, 0, 0, 30, 0, 0, 1, 1, 1, 695.856, -433.579, 62.7623, 1.8113, 120, 0, 0, 0, 0, 0, 0, 0, 0, NULL, NULL, 0, NULL),
(5800033, 12127, 0, 0, 30, 0, 0, 1, 1, 1, 245.345, -416.019, 34.9354, 0.573653, 120, 0, 0, 0, 0, 2, 0, 0, 0, NULL, NULL, 0, NULL),
(5800034, 14283, 0, 0, 30, 0, 0, 1, 1, 0, 244.061, -413.705, 35.2669, 0.49087, 120, 0, 0, 0, 0, 0, 0, 0, 0, NULL, NULL, 0, NULL),
(5800035, 14283, 0, 0, 30, 0, 0, 1, 1, 0, 246.694, -418.678, 34.8692, 0.48694, 120, 0, 0, 0, 0, 0, 0, 0, 0, NULL, NULL, 0, NULL),
(5800036, 12127, 0, 0, 30, 0, 0, 1, 1, 1, 392.906, -392.534, -1.14801, 3.20184, 120, 0, 0, 0, 0, 2, 0, 0, 0, NULL, NULL, 0, NULL),
(5800037, 12127, 0, 0, 30, 0, 0, 1, 1, 1, 393.075, -394.542, -1.0222, 3.2254, 120, 0, 0, 0, 0, 0, 0, 0, 0, NULL, NULL, 0, NULL),
(5800038, 12127, 0, 0, 30, 0, 0, 1, 1, 1, 723.955, -21.5371, 50.6213, 3.47103, 120, 0, 0, 0, 0, 0, 0, 0, 0, NULL, NULL, 0, NULL),
(5800039, 12127, 0, 0, 30, 0, 0, 1, 1, 1, 717.607, -0.564321, 50.6213, 3.63749, 120, 0, 0, 0, 0, 0, 0, 0, 0, NULL, NULL, 0, NULL),
(5800040, 12127, 0, 0, 30, 0, 0, 1, 1, 1, 131.633, -383.635, 42.3249, 5.60774, 120, 0, 0, 0, 0, 2, 0, 0, 0, NULL, NULL, 0, NULL),
(5800041, 12127, 0, 0, 30, 0, 0, 1, 1, 1, 132.844, -382.022, 42.416, 5.63915, 120, 0, 0, 0, 0, 0, 0, 0, 0, NULL, NULL, 0, NULL),
(5800042, 14284, 0, 0, 30, 0, 0, 1, 1, 1, 854.276, -494.241, 96.8017, 5.44543, 120, 0, 0, 0, 0, 0, 0, 0, 0, NULL, NULL, 0, NULL),
(5800043, 14284, 0, 0, 30, 0, 0, 1, 1, 1, 856.947, -492.493, 96.8262, 5.29749, 120, 0, 0, 0, 0, 0, 0, 0, 0, NULL, NULL, 0, NULL),
(5800044, 14284, 0, 0, 30, 0, 0, 1, 1, 1, 868.814, -506.395, 96.5513, 2.37581, 120, 0, 0, 0, 0, 0, 0, 0, 0, NULL, NULL, 0, NULL),
(5800045, 14284, 0, 0, 30, 0, 0, 1, 1, 1, 866.648, -508.062, 96.5076, 2.27371, 120, 0, 0, 0, 0, 0, 0, 0, 0, NULL, NULL, 0, NULL),
(5800046, 14284, 0, 0, 30, 0, 0, 1, 1, 1, 884.38, -498.876, 96.8023, 3.73063, 120, 0, 0, 0, 0, 0, 0, 0, 0, NULL, NULL, 0, NULL),
(5800047, 14284, 0, 0, 30, 0, 0, 1, 1, 1, 876.666, -503.852, 96.7068, 0.0349066, 120, 0, 0, 0, 0, 0, 0, 0, 0, NULL, NULL, 0, NULL),
(5800048, 14284, 0, 0, 30, 0, 0, 1, 1, 1, 934.73, -519.521, 93.7814, 2.04571, 120, 0, 0, 0, 0, 0, 0, 0, 0, NULL, NULL, 0, NULL),
(5800049, 14284, 0, 0, 30, 0, 0, 1, 1, 1, 817.485, -490.792, 100.378, 4.59828, 120, 0, 0, 0, 0, 0, 0, 0, 0, NULL, NULL, 0, NULL),
(5800050, 12121, 0, 0, 30, 0, 0, 1, 1, 0, -1373.29, -222.146, 98.5099, 4.50295, 1785, 0, 0, 0, 0, 0, 0, 0, 0, NULL, NULL, 0, NULL),
(5800051, 12122, 0, 0, 30, 0, 0, 1, 1, 0, -1366.28, -219.863, 98.5045, 5.5676, 1785, 0, 0, 0, 0, 0, 0, 0, 0, NULL, NULL, 0, NULL),
(5800052, 11998, 0, 0, 30, 0, 0, 1, 1, 1, -1484.43, -700.125, 46.9978, 2.73083, 120, 0, 0, 0, 0, 0, 0, 0, 0, NULL, NULL, 0, NULL),
(5800053, 14285, 0, 0, 30, 0, 0, 1, 1, 1, -1503.93, -715.026, 48.4039, 1.46699, 120, 0, 0, 0, 0, 0, 0, 0, 0, NULL, NULL, 0, NULL),
(5800054, 14285, 0, 0, 30, 0, 0, 1, 1, 1, -1509.18, -709.076, 48.2063, 0.226037, 120, 0, 0, 0, 0, 0, 0, 0, 0, NULL, NULL, 0, NULL),
(5800055, 14285, 0, 0, 30, 0, 0, 1, 1, 1, -1507, -706.64, 47.7579, 5.95552, 120, 0, 0, 0, 0, 0, 0, 0, 0, NULL, NULL, 0, NULL),
(5800056, 14285, 0, 0, 30, 0, 0, 1, 1, 1, -1501.78, -713.395, 47.8131, 1.77326, 120, 0, 0, 0, 0, 0, 0, 0, 0, NULL, NULL, 0, NULL),
(5800057, 14285, 0, 0, 30, 0, 0, 1, 1, 1, -1491.84, -682.575, 47.673, 0.167117, 120, 0, 0, 0, 0, 0, 0, 0, 0, NULL, NULL, 0, NULL),
(5800058, 14285, 0, 0, 30, 0, 0, 1, 1, 1, -1481.73, -676.049, 48.8429, 3.1909, 120, 0, 0, 0, 0, 0, 0, 0, 0, NULL, NULL, 0, NULL),
(5800059, 14285, 0, 0, 30, 0, 0, 1, 1, 1, -1496.17, -665.134, 49.5582, 0.59123, 120, 0, 0, 0, 0, 0, 0, 0, 0, NULL, NULL, 0, NULL),
(5800060, 14285, 0, 0, 30, 0, 0, 1, 1, 1, -1486.37, -655.168, 49.0943, 3.56789, 120, 0, 0, 0, 0, 0, 0, 0, 0, NULL, NULL, 0, NULL),
(5800061, 14285, 0, 0, 30, 0, 0, 1, 1, 1, -1476.34, -614.499, 49.6514, 5.49605, 120, 0, 0, 0, 0, 0, 0, 0, 0, NULL, NULL, 0, NULL),
(5800062, 14285, 0, 0, 30, 0, 0, 1, 1, 1, -1447.7, -601.8, 51.217, 4.62216, 120, 0, 0, 0, 0, 0, 0, 0, 0, NULL, NULL, 0, NULL),
(5800063, 14285, 0, 0, 30, 0, 0, 1, 1, 1, -1449.66, -613.69, 51.3897, 0.648044, 120, 0, 0, 0, 0, 0, 0, 0, 0, NULL, NULL, 0, NULL),
(5800064, 14285, 0, 0, 30, 0, 0, 1, 1, 1, -1445.2, -591.531, 51.285, 6.16546, 120, 0, 0, 0, 0, 0, 0, 0, 0, NULL, NULL, 0, NULL),
(5800065, 14285, 0, 0, 30, 0, 0, 1, 1, 1, -1444.39, -594.798, 51.2131, 0.585202, 120, 0, 0, 0, 0, 0, 0, 0, 0, NULL, NULL, 0, NULL),
(5800066, 14285, 0, 0, 30, 0, 0, 1, 1, 1, -1415.38, -569.373, 54.5024, 5.43897, 120, 0, 0, 0, 0, 0, 0, 0, 0, NULL, NULL, 0, NULL),
(5800067, 14285, 0, 0, 30, 0, 0, 1, 1, 1, -1399.01, -567.584, 55.5555, 2.25811, 120, 0, 0, 0, 0, 0, 0, 0, 0, NULL, NULL, 0, NULL),
(5800068, 14285, 0, 0, 30, 0, 0, 1, 1, 1, -1374.45, -530.607, 54.3563, 6.19295, 120, 0, 0, 0, 0, 0, 0, 0, 0, NULL, NULL, 0, NULL),
(5800069, 14285, 0, 0, 30, 0, 0, 1, 1, 1, -1375.61, -533.108, 55.1394, 6.13011, 120, 0, 0, 0, 0, 0, 0, 0, 0, NULL, NULL, 0, NULL),
(5800070, 14285, 0, 0, 30, 0, 0, 1, 1, 1, -1366.62, -539.16, 54.3673, 1.55516, 120, 0, 0, 0, 0, 0, 0, 0, 0, NULL, NULL, 0, NULL),
(5800071, 14285, 0, 0, 30, 0, 0, 1, 1, 1, -1368.98, -540.092, 55.0553, 1.49233, 120, 0, 0, 0, 0, 0, 0, 0, 0, NULL, NULL, 0, NULL),
(5800072, 14285, 0, 0, 30, 0, 0, 1, 1, 1, -1435.8, -607.345, 51.1886, 1.51039, 120, 0, 0, 0, 0, 2, 0, 0, 0, NULL, NULL, 0, NULL),
(5800073, 14282, 0, 0, 30, 0, 0, 1, 1, 0, -1437.98, -607.711, 51.204, 1.45771, 120, 0, 0, 0, 0, 0, 0, 0, 0, NULL, NULL, 0, NULL),
(5800074, 14282, 0, 0, 30, 0, 0, 1, 1, 0, -1432.89, -607.869, 51.1522, 1.53232, 120, 0, 0, 0, 0, 0, 0, 0, 0, NULL, NULL, 0, NULL),
(5800075, 14285, 0, 0, 30, 0, 0, 1, 1, 1, -1445.78, -607.826, 51.2052, 2.77404, 300, 0, 0, 0, 0, 2, 0, 0, 0, NULL, NULL, 0, NULL),
(5800076, 14282, 0, 0, 30, 0, 0, 1, 1, 0, -1446.26, -610.118, 51.2256, 2.76226, 120, 0, 0, 0, 0, 0, 0, 0, 0, NULL, NULL, 0, NULL),
(5800077, 14282, 0, 0, 30, 0, 0, 1, 1, 0, -1444.64, -605.523, 51.2219, 2.86043, 120, 0, 0, 0, 0, 0, 0, 0, 0, NULL, NULL, 0, NULL),
(5800078, 12051, 0, 0, 30, 0, 0, 1, 1, 1, -1329.24, -289.307, 90.819, 0.0273645, 120, 0, 0, 0, 0, 2, 0, 0, 0, NULL, NULL, 0, NULL),
(5800079, 12051, 0, 0, 30, 0, 0, 1, 1, 1, -1328.84, -292.38, 90.6221, 0.0273645, 120, 0, 0, 0, 0, 0, 0, 0, 0, NULL, NULL, 0, NULL),
(5800080, 12051, 0, 0, 30, 0, 0, 1, 1, 1, -1211.87, -260.504, 73.1851, 6.12848, 120, 0, 0, 0, 0, 0, 0, 0, 0, NULL, NULL, 0, NULL),
(5800081, 12051, 0, 0, 30, 0, 0, 1, 1, 1, -1276.74, -382.751, 59.7727, 1.26103, 120, 0, 0, 0, 0, 0, 0, 0, 0, NULL, NULL, 0, NULL),
(5800082, 12051, 0, 0, 30, 0, 0, 1, 1, 1, -1270.15, -379.061, 59.7412, 2.73758, 120, 0, 0, 0, 0, 0, 0, 0, 0, NULL, NULL, 0, NULL),
(5800083, 12051, 0, 0, 30, 0, 0, 1, 1, 1, -1159.32, -348.734, 51.8928, 5.94939, 120, 0, 0, 0, 0, 0, 0, 0, 0, NULL, NULL, 0, NULL),
(5800084, 12051, 0, 0, 30, 0, 0, 1, 1, 1, -1159.06, -357.175, 51.9237, 0.409466, 120, 0, 0, 0, 0, 0, 0, 0, 0, NULL, NULL, 0, NULL),
(5800085, 13448, 0, 0, 30, 0, 0, 1, 1, 1, -1215.18, -264.038, 73.8658, 6.26034, 432000, 0, 0, 0, 0, 0, 0, 0, 0, NULL, NULL, 0, NULL),
(5800086, 12051, 0, 0, 30, 0, 0, 1, 1, 1, -1201.58, -257.171, 72.4918, 5.37768, 120, 0, 0, 0, 0, 2, 0, 0, 0, NULL, NULL, 0, NULL),
(5800087, 14282, 0, 0, 30, 0, 0, 1, 1, 0, -1199.66, -255.678, 72.7172, 5.37375, 120, 0, 0, 0, 0, 0, 0, 0, 0, NULL, NULL, 0, NULL),
(5800088, 14282, 0, 0, 30, 0, 0, 1, 1, 0, -1204.45, -259.359, 72.4406, 5.42088, 120, 0, 0, 0, 0, 0, 0, 0, 0, NULL, NULL, 0, NULL),
(5800089, 12051, 0, 0, 30, 0, 0, 1, 1, 1, -1275.82, -366.076, 59.8327, 1.47475, 120, 0, 0, 0, 0, 2, 0, 0, 0, NULL, NULL, 0, NULL),
(5800090, 12051, 0, 0, 30, 0, 0, 1, 1, 1, -1278.11, -365.856, 59.9149, 1.47475, 120, 0, 0, 0, 0, 0, 0, 0, 0, NULL, NULL, 0, NULL),
(5800091, 12051, 0, 0, 30, 0, 0, 1, 1, 1, -959.417, -329.836, 62.0298, 3.70316, 120, 0, 0, 0, 0, 2, 0, 0, 0, NULL, NULL, 0, NULL),
(5800092, 12051, 0, 0, 30, 0, 0, 1, 1, 1, -958.055, -331.336, 62.1772, 3.65211, 120, 0, 0, 0, 0, 0, 0, 0, 0, NULL, NULL, 0, NULL),
(5800093, 12051, 0, 0, 30, 0, 0, 1, 1, 1, -1137.38, -349.336, 51.1956, 0.220699, 120, 0, 0, 0, 0, 2, 0, 0, 0, NULL, NULL, 0, NULL),
(5800094, 12051, 0, 0, 30, 0, 0, 1, 1, 1, -1137.87, -347.242, 51.0667, 0.228552, 120, 0, 0, 0, 0, 0, 0, 0, 0, NULL, NULL, 0, NULL),
(5800095, 12051, 0, 0, 30, 0, 0, 1, 1, 1, -896.268, -380.458, 48.7216, 3.22484, 120, 0, 0, 0, 0, 2, 0, 0, 0, NULL, NULL, 0, NULL),
(5800096, 12051, 0, 0, 30, 0, 0, 1, 1, 1, -896.095, -382.523, 48.6523, 3.22484, 120, 0, 0, 0, 0, 0, 0, 0, 0, NULL, NULL, 0, NULL),
(5800097, 12051, 0, 0, 30, 0, 0, 1, 1, 1, -713.698, -446.111, 81.4593, 3.73571, 120, 0, 0, 0, 0, 2, 0, 0, 0, NULL, NULL, 0, NULL),
(5800098, 12051, 0, 0, 30, 0, 0, 1, 1, 1, -712.569, -447.782, 81.5856, 3.73571, 120, 0, 0, 0, 0, 0, 0, 0, 0, NULL, NULL, 0, NULL),
(5800099, 12051, 0, 0, 30, 0, 0, 1, 1, 1, -782.977, -436.995, 59.7819, 3.70731, 120, 0, 0, 0, 0, 2, 0, 0, 0, NULL, NULL, 0, NULL),
(5800100, 14282, 0, 0, 30, 0, 0, 1, 1, 0, -779.326, -437.566, 60.5672, 3.70731, 120, 0, 0, 0, 0, 0, 0, 0, 0, NULL, NULL, 0, NULL),
(5800101, 14282, 0, 0, 30, 0, 0, 1, 1, 0, -781.932, -433.081, 60.5196, 3.66804, 120, 0, 0, 0, 0, 0, 0, 0, 0, NULL, NULL, 0, NULL),
(5800102, 12051, 0, 0, 30, 0, 0, 1, 1, 1, -777.196, -434.081, 61.4632, 0.475172, 120, 0, 0, 0, 0, 2, 0, 0, 0, NULL, NULL, 0, NULL),
(5800103, 14282, 0, 0, 30, 0, 0, 1, 1, 0, -779.839, -433.375, 60.9125, 0.526223, 120, 0, 0, 0, 0, 0, 0, 0, 0, NULL, NULL, 0, NULL),
(5800104, 14282, 0, 0, 30, 0, 0, 1, 1, 0, -777.635, -437.625, 60.96, 0.475172, 120, 0, 0, 0, 0, 0, 0, 0, 0, NULL, NULL, 0, NULL);

DELETE FROM `creature_addon` WHERE `guid` IN (5800001, 5800009, 5800011, 5800013, 5800015, 5800021, 5800022, 5800031, 5800033, 5800036, 5800040, 5800072, 5800075, 5800078, 5800086, 5800089, 5800091, 5800093, 5800095, 5800097, 5800099, 5800102);
INSERT INTO `creature_addon` (`guid`, `path_id`, `mount`, `bytes1`, `bytes2`, `emote`, `visibilityDistanceType`, `auras`) VALUES
(5800001, 5800001, 0, 0, 1, 0, 0, ''),
(5800009, 5800009, 0, 0, 1, 0, 0, ''),
(5800011, 5800011, 0, 0, 1, 0, 0, ''),
(5800013, 5800013, 0, 0, 1, 0, 0, ''),
(5800015, 5800015, 0, 0, 1, 0, 0, ''),
(5800021, 5800021, 0, 0, 1, 0, 0, ''),
(5800022, 5800022, 0, 0, 1, 0, 0, ''),
(5800031, 5800031, 0, 0, 1, 0, 0, ''),
(5800033, 5800033, 0, 0, 1, 0, 0, ''),
(5800036, 5800036, 0, 0, 1, 0, 0, ''),
(5800040, 5800040, 0, 0, 1, 0, 0, ''),
(5800072, 5800072, 0, 0, 1, 0, 0, ''),
(5800075, 5800075, 0, 0, 1, 0, 0, ''),
(5800078, 5800078, 0, 0, 1, 0, 0, ''),
(5800086, 5800086, 0, 0, 1, 0, 0, ''),
(5800089, 5800089, 0, 0, 1, 0, 0, ''),
(5800091, 5800091, 0, 0, 1, 0, 0, ''),
(5800093, 5800093, 0, 0, 1, 0, 0, ''),
(5800095, 5800095, 0, 0, 1, 0, 0, ''),
(5800097, 5800097, 0, 0, 1, 0, 0, ''),
(5800099, 5800099, 0, 0, 1, 0, 0, ''),
(5800102, 5800102, 0, 0, 1, 0, 0, '');

DELETE FROM `creature_formations` WHERE `leaderGUID` IN (5800001, 5800005, 5800007, 5800009, 5800011, 5800013, 5800015, 5800018, 5800021, 5800022, 5800028, 5800031, 5800033, 5800036, 5800038, 5800040, 5800042, 5800044, 5800046, 5800050, 5800053, 5800057, 5800059, 5800062, 5800064, 5800068, 5800072, 5800075, 5800078, 5800086, 5800089, 5800091, 5800093, 5800095, 5800097, 5800099, 5800102);
INSERT INTO `creature_formations` (`leaderGUID`, `memberGUID`, `dist`, `angle`, `groupAI`, `point_1`, `point_2`) VALUES
(5800001, 5800001, 0, 0, 3, 0, 0),
(5800001, 5800002, 2, 90, 515, 0, 0),
(5800005, 5800005, 0, 0, 3, 0, 0),
(5800005, 5800006, 0, 0, 3, 0, 0),
(5800007, 5800007, 0, 0, 3, 0, 0),
(5800007, 5800008, 0, 0, 3, 0, 0),
(5800009, 5800009, 0, 0, 3, 0, 0),
(5800009, 5800010, 2, 90, 515, 0, 0),
(5800011, 5800011, 0, 0, 3, 0, 0),
(5800011, 5800012, 2, 90, 515, 0, 0),
(5800013, 5800013, 0, 0, 3, 0, 0),
(5800013, 5800014, 2, 90, 515, 0, 0),
(5800015, 5800015, 0, 0, 3, 0, 0),
(5800015, 5800016, 2, 90, 515, 0, 0),
(5800018, 5800017, 0, 0, 3, 0, 0),
(5800018, 5800018, 0, 0, 3, 0, 0),
(5800018, 5800019, 0, 0, 3, 0, 0),
(5800018, 5800020, 0, 0, 3, 0, 0),
(5800021, 5800021, 0, 0, 3, 0, 0),
(5800021, 5800023, 2, 90, 515, 0, 0),
(5800021, 5800024, 2, 270, 515, 0, 0),
(5800022, 5800022, 0, 0, 3, 0, 0),
(5800022, 5800025, 2, 270, 515, 0, 0),
(5800022, 5800026, 2, 90, 515, 0, 0),
(5800028, 5800027, 0, 0, 3, 0, 0),
(5800028, 5800028, 0, 0, 3, 0, 0),
(5800028, 5800029, 0, 0, 3, 0, 0),
(5800028, 5800030, 0, 0, 3, 0, 0),
(5800031, 5800031, 0, 0, 3, 0, 0),
(5800031, 5800032, 2, 90, 515, 0, 0),
(5800033, 5800033, 0, 0, 3, 0, 0),
(5800033, 5800034, 2, 225, 515, 0, 0),
(5800033, 5800035, 2, 135, 515, 0, 0),
(5800036, 5800036, 0, 0, 3, 0, 0),
(5800036, 5800037, 2, 90, 515, 0, 0),
(5800038, 5800038, 0, 0, 3, 0, 0),
(5800038, 5800039, 0, 0, 3, 0, 0),
(5800040, 5800040, 0, 0, 3, 0, 0),
(5800040, 5800041, 2, 90, 515, 0, 0),
(5800042, 5800042, 0, 0, 3, 0, 0),
(5800042, 5800043, 0, 0, 3, 0, 0),
(5800044, 5800044, 0, 0, 3, 0, 0),
(5800044, 5800045, 0, 0, 3, 0, 0),
(5800046, 5800046, 0, 0, 3, 0, 0),
(5800046, 5800047, 0, 0, 3, 0, 0),
(5800050, 5800050, 0, 0, 3, 0, 0),
(5800050, 5800051, 0, 0, 3, 0, 0),
(5800053, 5800053, 0, 0, 3, 0, 0),
(5800053, 5800054, 0, 0, 3, 0, 0),
(5800053, 5800055, 0, 0, 3, 0, 0),
(5800053, 5800056, 0, 0, 3, 0, 0),
(5800057, 5800057, 0, 0, 3, 0, 0),
(5800057, 5800058, 0, 0, 3, 0, 0),
(5800059, 5800059, 0, 0, 3, 0, 0),
(5800059, 5800060, 0, 0, 3, 0, 0),
(5800062, 5800062, 0, 0, 3, 0, 0),
(5800062, 5800063, 0, 0, 3, 0, 0),
(5800064, 5800064, 0, 0, 3, 0, 0),
(5800064, 5800065, 0, 0, 3, 0, 0),
(5800068, 5800068, 0, 0, 3, 0, 0),
(5800068, 5800069, 0, 0, 3, 0, 0),
(5800068, 5800070, 0, 0, 3, 0, 0),
(5800068, 5800071, 0, 0, 3, 0, 0),
(5800072, 5800072, 0, 0, 3, 0, 0),
(5800072, 5800073, 2, 90, 515, 0, 0),
(5800072, 5800074, 2, 270, 515, 0, 0),
(5800075, 5800075, 0, 0, 3, 0, 0),
(5800075, 5800076, 2, 90, 515, 0, 0),
(5800075, 5800077, 2, 270, 515, 0, 0),
(5800078, 5800078, 0, 0, 3, 0, 0),
(5800078, 5800079, 2, 90, 515, 0, 0),
(5800086, 5800086, 0, 0, 3, 0, 0),
(5800086, 5800087, 2, 135, 515, 0, 0),
(5800086, 5800088, 2, 225, 515, 0, 0),
(5800089, 5800089, 0, 0, 3, 0, 0),
(5800089, 5800090, 2, 90, 515, 0, 0),
(5800091, 5800091, 0, 0, 3, 0, 0),
(5800091, 5800092, 2, 90, 515, 0, 0),
(5800093, 5800093, 0, 0, 3, 0, 0),
(5800093, 5800094, 2, 90, 515, 0, 0),
(5800095, 5800095, 0, 0, 3, 0, 0),
(5800095, 5800096, 2, 90, 515, 0, 0),
(5800097, 5800097, 0, 0, 3, 0, 0),
(5800097, 5800098, 2, 90, 515, 0, 0),
(5800099, 5800099, 0, 0, 3, 0, 0),
(5800099, 5800100, 2, 135, 515, 0, 0),
(5800099, 5800101, 2, 225, 515, 0, 0),
(5800102, 5800102, 0, 0, 3, 0, 0),
(5800102, 5800103, 2, 135, 515, 0, 0),
(5800102, 5800104, 2, 225, 515, 0, 0);

DELETE FROM `smart_scripts` WHERE `entryorguid`=13448;
INSERT INTO `smart_scripts` (`entryorguid`, `source_type`, `id`, `link`, `event_type`, `event_phase_mask`, `event_chance`, `event_flags`, `event_param1`, `event_param2`, `event_param3`, `event_param4`, `event_param5`, `event_param6`, `action_type`, `action_param1`, `action_param2`, `action_param3`, `action_param4`, `action_param5`, `action_param6`, `target_type`, `target_param1`, `target_param2`, `target_param3`, `target_param4`, `target_x`, `target_y`, `target_z`, `target_o`, `comment`) VALUES
(13448, 0, 0, 0, 0, 0, 100, 0, 9000, 13000, 18000, 34000, 0, 0, 11, 11977, 0, 0, 0, 0, 0, 2, 0, 0, 0, 0, 0, 0, 0, 0, 'Sergeant Yazra Bloodsnarl - In Combat - Cast \'Rend\'');

DELETE FROM `waypoint_data` WHERE `id` IN (5800001, 5800009, 5800011, 5800013, 5800015, 5800021, 5800022, 5800031, 5800033, 5800036, 5800040, 5800072, 5800075, 5800078, 5800086, 5800089, 5800091, 5800093, 5800095, 5800097, 5800099, 5800102);
INSERT INTO `waypoint_data` (`id`, `point`, `position_x`, `position_y`, `position_z`, `orientation`, `delay`, `move_type`, `action`, `action_chance`, `wpguid`) VALUES
(5800001, 1, 639.576, -44.1844, 44.4161, NULL, 0, 0, 0, 100, 0),
(5800001, 2, 635.349, -51.2646, 42.4228, NULL, 0, 0, 0, 100, 0),
(5800001, 3, 633.77, -54.7989, 41.9759, NULL, 0, 0, 0, 100, 0),
(5800001, 4, 633.871, -67.6435, 41.4464, NULL, 0, 0, 0, 100, 0),
(5800001, 5, 634.818, -81.015, 41.4757, NULL, 0, 0, 0, 100, 0),
(5800001, 6, 631.432, -89.4076, 41.4145, NULL, 0, 0, 0, 100, 0),
(5800001, 7, 630.353, -93.2925, 41.2825, NULL, 0, 0, 0, 100, 0),
(5800001, 8, 627.628, -107.281, 38.9818, NULL, 0, 0, 0, 100, 0),
(5800001, 9, 623.754, -116.329, 36.4487, NULL, 0, 0, 0, 100, 0),
(5800001, 10, 619.348, -131.72, 33.6114, NULL, 0, 0, 0, 100, 0),
(5800001, 11, 618.855, -140.087, 33.3993, NULL, 0, 0, 0, 100, 0),
(5800001, 12, 619.482, -145.384, 33.4232, NULL, 0, 0, 0, 100, 0),
(5800001, 13, 618.855, -140.087, 33.3993, NULL, 0, 0, 0, 100, 0),
(5800001, 14, 619.348, -131.72, 33.6114, NULL, 0, 0, 0, 100, 0),
(5800001, 15, 623.754, -116.329, 36.4487, NULL, 0, 0, 0, 100, 0),
(5800001, 16, 627.628, -107.281, 38.9818, NULL, 0, 0, 0, 100, 0),
(5800001, 17, 630.353, -93.2925, 41.2825, NULL, 0, 0, 0, 100, 0),
(5800001, 18, 631.432, -89.4076, 41.4145, NULL, 0, 0, 0, 100, 0),
(5800001, 19, 634.818, -81.015, 41.4757, NULL, 0, 0, 0, 100, 0),
(5800001, 20, 633.871, -67.6435, 41.4464, NULL, 0, 0, 0, 100, 0),
(5800001, 21, 633.77, -54.7989, 41.9759, NULL, 0, 0, 0, 100, 0),
(5800001, 22, 635.349, -51.2646, 42.4228, NULL, 0, 0, 0, 100, 0),
(5800009, 1, 597.395, -337.063, 30.2308, NULL, 0, 0, 0, 100, 0),
(5800009, 2, 604.466, -336.451, 30.3839, NULL, 0, 0, 0, 100, 0),
(5800009, 3, 614.631, -331.471, 30.2333, NULL, 0, 0, 0, 100, 0),
(5800009, 4, 621.526, -325.629, 30.1339, NULL, 0, 0, 0, 100, 0),
(5800009, 5, 626.699, -318.625, 30.1339, NULL, 0, 0, 0, 100, 0),
(5800009, 6, 632.592, -306.475, 30.1339, NULL, 0, 0, 0, 100, 0),
(5800009, 7, 635.523, -299.158, 30.1339, NULL, 0, 0, 0, 100, 0),
(5800009, 8, 636.714, -273.888, 30.1708, NULL, 0, 0, 0, 100, 0),
(5800009, 9, 635.744, -266.815, 30.9294, NULL, 0, 0, 0, 100, 0),
(5800009, 10, 633.198, -248.789, 34.9437, NULL, 0, 0, 0, 100, 0),
(5800009, 11, 631.243, -233.782, 37.2507, NULL, 0, 0, 0, 100, 0),
(5800009, 12, 628.861, -216.473, 38.761, NULL, 0, 0, 0, 100, 0),
(5800009, 13, 626.734, -201.822, 39.0816, NULL, 0, 0, 0, 100, 0),
(5800009, 14, 623.693, -182.53, 38.1398, NULL, 0, 0, 0, 100, 0),
(5800009, 15, 620.801, -162.063, 35.3488, NULL, 0, 0, 0, 100, 0),
(5800009, 16, 623.693, -182.53, 38.1398, NULL, 0, 0, 0, 100, 0),
(5800009, 17, 626.734, -201.822, 39.0816, NULL, 0, 0, 0, 100, 0),
(5800009, 18, 628.861, -216.473, 38.761, NULL, 0, 0, 0, 100, 0),
(5800009, 19, 631.243, -233.782, 37.2507, NULL, 0, 0, 0, 100, 0),
(5800009, 20, 633.198, -248.789, 34.9437, NULL, 0, 0, 0, 100, 0),
(5800009, 21, 635.744, -266.815, 30.9294, NULL, 0, 0, 0, 100, 0),
(5800009, 22, 636.714, -273.888, 30.1708, NULL, 0, 0, 0, 100, 0),
(5800009, 23, 635.523, -299.158, 30.1339, NULL, 0, 0, 0, 100, 0),
(5800009, 24, 632.592, -306.475, 30.1339, NULL, 0, 0, 0, 100, 0),
(5800009, 25, 626.699, -318.625, 30.1339, NULL, 0, 0, 0, 100, 0),
(5800009, 26, 621.526, -325.629, 30.1339, NULL, 0, 0, 0, 100, 0),
(5800009, 27, 614.631, -331.471, 30.2333, NULL, 0, 0, 0, 100, 0),
(5800009, 28, 604.466, -336.451, 30.3839, NULL, 0, 0, 0, 100, 0),
(5800011, 1, 445.798, -375.968, -1.19751, NULL, 0, 0, 0, 100, 0),
(5800011, 2, 459.26, -371.062, -1.22641, NULL, 0, 0, 0, 100, 0),
(5800011, 3, 464.587, -368.506, -1.24342, NULL, 0, 0, 0, 100, 0),
(5800011, 4, 469.196, -365.632, -1.18857, NULL, 0, 0, 0, 100, 0),
(5800011, 5, 477.256, -358.484, -1.24379, NULL, 0, 0, 0, 100, 0),
(5800011, 6, 498.524, -337.772, -1.08619, NULL, 0, 0, 0, 100, 0),
(5800011, 7, 503.204, -334.109, -1.08619, NULL, 0, 0, 0, 100, 0),
(5800011, 8, 510.426, -329.683, -1.08619, NULL, 0, 0, 0, 100, 0),
(5800011, 9, 519.12, -325.84, -0.94135, NULL, 0, 0, 0, 100, 0),
(5800011, 10, 530.725, -322.12, 1.57497, NULL, 0, 0, 0, 100, 0),
(5800011, 11, 542.484, -322.027, 6.27005, NULL, 0, 0, 0, 100, 0),
(5800011, 12, 549.327, -322.62, 10.4663, NULL, 0, 0, 0, 100, 0),
(5800011, 13, 556.435, -324.092, 15.0682, NULL, 0, 0, 0, 100, 0),
(5800011, 14, 563.356, -325.985, 19.0448, NULL, 0, 0, 0, 100, 0),
(5800011, 15, 582.264, -332.211, 29.4457, NULL, 0, 0, 0, 100, 0),
(5800011, 16, 591.043, -334.905, 30.2774, NULL, 0, 0, 0, 100, 0),
(5800011, 17, 582.264, -332.211, 29.4457, NULL, 0, 0, 0, 100, 0),
(5800011, 18, 563.356, -325.985, 19.0448, NULL, 0, 0, 0, 100, 0),
(5800011, 19, 556.435, -324.092, 15.0682, NULL, 0, 0, 0, 100, 0),
(5800011, 20, 549.327, -322.62, 10.4663, NULL, 0, 0, 0, 100, 0),
(5800011, 21, 542.484, -322.027, 6.27005, NULL, 0, 0, 0, 100, 0),
(5800011, 22, 530.725, -322.12, 1.57497, NULL, 0, 0, 0, 100, 0),
(5800011, 23, 519.12, -325.84, -0.94135, NULL, 0, 0, 0, 100, 0),
(5800011, 24, 510.426, -329.683, -1.08619, NULL, 0, 0, 0, 100, 0),
(5800011, 25, 503.204, -334.109, -1.08619, NULL, 0, 0, 0, 100, 0),
(5800011, 26, 498.524, -337.772, -1.08619, NULL, 0, 0, 0, 100, 0),
(5800011, 27, 477.256, -358.484, -1.24379, NULL, 0, 0, 0, 100, 0),
(5800011, 28, 469.196, -365.632, -1.18857, NULL, 0, 0, 0, 100, 0),
(5800011, 29, 464.587, -368.506, -1.24342, NULL, 0, 0, 0, 100, 0),
(5800011, 30, 459.26, -371.062, -1.22641, NULL, 0, 0, 0, 100, 0),
(5800013, 1, 445.005, -434.492, 29.0796, NULL, 0, 0, 0, 100, 0),
(5800013, 2, 437.599, -426.472, 23.3477, NULL, 0, 0, 0, 100, 0),
(5800013, 3, 432.745, -421.957, 19.5122, NULL, 0, 0, 0, 100, 0),
(5800013, 4, 424.938, -415.405, 13.998, NULL, 0, 0, 0, 100, 0),
(5800013, 5, 416.366, -407.303, 7.16476, NULL, 0, 0, 0, 100, 0),
(5800013, 6, 408.246, -399.249, 0.761913, NULL, 0, 0, 0, 100, 0),
(5800013, 7, 405.059, -393.749, -1.03065, NULL, 0, 0, 0, 100, 0),
(5800013, 8, 405.406, -390.464, -1.23442, NULL, 0, 0, 0, 100, 0),
(5800013, 9, 411.429, -386.5, -1.24319, NULL, 0, 0, 0, 100, 0),
(5800013, 10, 418.695, -381.757, -1.24319, NULL, 0, 0, 0, 100, 0),
(5800013, 11, 424.553, -379.616, -1.24319, NULL, 0, 0, 0, 100, 0),
(5800013, 12, 432.477, -378.68, -1.24319, NULL, 0, 0, 0, 100, 0),
(5800013, 13, 441.197, -376.986, -1.24319, NULL, 0, 0, 0, 100, 0),
(5800013, 14, 432.477, -378.68, -1.24319, NULL, 0, 0, 0, 100, 0),
(5800013, 15, 424.553, -379.616, -1.24319, NULL, 0, 0, 0, 100, 0),
(5800013, 16, 418.695, -381.757, -1.24319, NULL, 0, 0, 0, 100, 0),
(5800013, 17, 411.429, -386.5, -1.24319, NULL, 0, 0, 0, 100, 0),
(5800013, 18, 405.406, -390.464, -1.23442, NULL, 0, 0, 0, 100, 0),
(5800013, 19, 405.059, -393.749, -1.03065, NULL, 0, 0, 0, 100, 0),
(5800013, 20, 408.246, -399.249, 0.761913, NULL, 0, 0, 0, 100, 0),
(5800013, 21, 416.366, -407.303, 7.16476, NULL, 0, 0, 0, 100, 0),
(5800013, 22, 424.938, -415.405, 13.998, NULL, 0, 0, 0, 100, 0),
(5800013, 23, 432.745, -421.957, 19.5122, NULL, 0, 0, 0, 100, 0),
(5800013, 24, 437.599, -426.472, 23.3477, NULL, 0, 0, 0, 100, 0),
(5800015, 1, 549.456, -397.545, 53.5433, NULL, 0, 0, 0, 100, 0),
(5800015, 2, 540.175, -401.255, 50.6032, NULL, 0, 0, 0, 100, 0),
(5800015, 3, 530.104, -406.514, 47.6507, NULL, 0, 0, 0, 100, 0),
(5800015, 4, 516.69, -414.953, 43.224, NULL, 0, 0, 0, 100, 0),
(5800015, 5, 506.281, -422.704, 40.2314, NULL, 0, 0, 0, 100, 0),
(5800015, 6, 495.7, -428.905, 38.099, NULL, 0, 0, 0, 100, 0),
(5800015, 7, 489.679, -432.794, 37.3734, NULL, 0, 0, 0, 100, 0),
(5800015, 8, 483.089, -435.738, 36.3161, NULL, 0, 0, 0, 100, 0),
(5800015, 9, 474.288, -437.453, 34.7952, NULL, 0, 0, 0, 100, 0),
(5800015, 10, 468.163, -437.477, 33.7563, NULL, 0, 0, 0, 100, 0),
(5800015, 11, 457.568, -437.019, 31.9599, NULL, 0, 0, 0, 100, 0),
(5800015, 12, 451.903, -439.603, 31.3942, NULL, 0, 0, 0, 100, 0),
(5800015, 13, 450.132, -443.832, 32.2508, NULL, 0, 0, 0, 100, 0),
(5800015, 14, 449.595, -448.879, 33.5798, NULL, 0, 0, 0, 100, 0),
(5800015, 15, 449.454, -457.861, 37.2746, NULL, 0, 0, 0, 100, 0),
(5800015, 16, 448.19, -471.818, 45.1486, NULL, 0, 0, 0, 100, 0),
(5800015, 17, 447.029, -480.46, 50.0655, NULL, 0, 0, 0, 100, 0),
(5800015, 18, 443.805, -488.602, 54.1358, NULL, 0, 0, 0, 100, 0),
(5800015, 19, 439.163, -495.434, 57.4575, NULL, 0, 0, 0, 100, 0),
(5800015, 20, 432.674, -501.673, 61.5162, NULL, 0, 0, 0, 100, 0),
(5800015, 21, 429.527, -505.132, 63.8222, NULL, 0, 0, 0, 100, 0),
(5800015, 22, 423.412, -509.1, 67.209, NULL, 0, 0, 0, 100, 0),
(5800015, 23, 429.527, -505.132, 63.8222, NULL, 0, 0, 0, 100, 0),
(5800015, 24, 432.674, -501.673, 61.5162, NULL, 0, 0, 0, 100, 0),
(5800015, 25, 439.163, -495.434, 57.4575, NULL, 0, 0, 0, 100, 0),
(5800015, 26, 443.805, -488.602, 54.1358, NULL, 0, 0, 0, 100, 0),
(5800015, 27, 447.029, -480.46, 50.0655, NULL, 0, 0, 0, 100, 0),
(5800015, 28, 448.19, -471.818, 45.1486, NULL, 0, 0, 0, 100, 0),
(5800015, 29, 449.454, -457.861, 37.2746, NULL, 0, 0, 0, 100, 0),
(5800015, 30, 449.595, -448.879, 33.5798, NULL, 0, 0, 0, 100, 0),
(5800015, 31, 450.132, -443.832, 32.2508, NULL, 0, 0, 0, 100, 0),
(5800015, 32, 451.903, -439.603, 31.3942, NULL, 0, 0, 0, 100, 0),
(5800015, 33, 457.568, -437.019, 31.9599, NULL, 0, 0, 0, 100, 0),
(5800015, 34, 468.163, -437.477, 33.7563, NULL, 0, 0, 0, 100, 0),
(5800015, 35, 474.288, -437.453, 34.7952, NULL, 0, 0, 0, 100, 0),
(5800015, 36, 483.089, -435.738, 36.3161, NULL, 0, 0, 0, 100, 0),
(5800015, 37, 489.679, -432.794, 37.3734, NULL, 0, 0, 0, 100, 0),
(5800015, 38, 495.7, -428.905, 38.099, NULL, 0, 0, 0, 100, 0),
(5800015, 39, 506.281, -422.704, 40.2314, NULL, 0, 0, 0, 100, 0),
(5800015, 40, 516.69, -414.953, 43.224, NULL, 0, 0, 0, 100, 0),
(5800015, 41, 530.104, -406.514, 47.6507, NULL, 0, 0, 0, 100, 0),
(5800015, 42, 540.175, -401.255, 50.6032, NULL, 0, 0, 0, 100, 0),
(5800021, 1, 788.582, -493.418, 99.3254, NULL, 0, 0, 0, 100, 0),
(5800021, 2, 798.164, -494.324, 99.6841, NULL, 0, 0, 0, 100, 0),
(5800021, 3, 808.042, -494.948, 100.118, NULL, 0, 0, 0, 100, 0),
(5800021, 4, 817.28, -496.574, 100.248, NULL, 0, 0, 0, 100, 0),
(5800021, 5, 825.924, -496.693, 100.471, NULL, 0, 0, 0, 100, 0),
(5800021, 6, 834.698, -497.592, 99.3159, NULL, 0, 0, 0, 100, 0),
(5800021, 7, 845.392, -499.935, 97.7944, NULL, 0, 0, 0, 100, 0),
(5800021, 8, 854.536, -501.054, 96.3447, NULL, 0, 0, 0, 100, 0),
(5800021, 9, 862.219, -500.89, 96.2036, NULL, 0, 0, 0, 100, 0),
(5800021, 10, 868.611, -494.151, 96.5848, NULL, 0, 0, 0, 100, 0),
(5800021, 11, 875.734, -491.88, 96.5608, NULL, 0, 0, 0, 100, 0),
(5800021, 12, 881.432, -503.637, 96.6672, NULL, 0, 0, 0, 100, 0),
(5800021, 13, 882.878, -506.639, 96.6833, NULL, 0, 0, 0, 100, 0),
(5800021, 14, 886.194, -509.274, 96.8345, NULL, 0, 0, 0, 100, 0),
(5800021, 15, 895.636, -512.658, 95.8619, NULL, 0, 0, 0, 100, 0),
(5800021, 16, 907.078, -514.184, 94.8227, NULL, 0, 0, 0, 100, 0),
(5800021, 17, 917.094, -516.773, 93.8428, NULL, 0, 0, 0, 100, 0),
(5800021, 18, 923.998, -517.295, 93.4901, NULL, 0, 0, 0, 100, 0),
(5800021, 19, 932.26, -513.793, 93.5256, NULL, 0, 0, 0, 100, 0),
(5800021, 20, 937.461, -510.505, 93.8539, NULL, 0, 0, 0, 100, 0),
(5800021, 21, 932.26, -513.793, 93.5256, NULL, 0, 0, 0, 100, 0),
(5800021, 22, 923.998, -517.295, 93.4901, NULL, 0, 0, 0, 100, 0),
(5800021, 23, 917.094, -516.773, 93.8428, NULL, 0, 0, 0, 100, 0),
(5800021, 24, 907.078, -514.184, 94.8227, NULL, 0, 0, 0, 100, 0),
(5800021, 25, 895.636, -512.658, 95.8619, NULL, 0, 0, 0, 100, 0),
(5800021, 26, 886.194, -509.274, 96.8345, NULL, 0, 0, 0, 100, 0),
(5800021, 27, 882.878, -506.639, 96.6833, NULL, 0, 0, 0, 100, 0),
(5800021, 28, 881.432, -503.637, 96.6672, NULL, 0, 0, 0, 100, 0),
(5800021, 29, 875.734, -491.88, 96.5608, NULL, 0, 0, 0, 100, 0),
(5800021, 30, 868.611, -494.151, 96.5848, NULL, 0, 0, 0, 100, 0),
(5800021, 31, 862.219, -500.89, 96.2036, NULL, 0, 0, 0, 100, 0),
(5800021, 32, 854.536, -501.054, 96.3447, NULL, 0, 0, 0, 100, 0),
(5800021, 33, 845.392, -499.935, 97.7944, NULL, 0, 0, 0, 100, 0),
(5800021, 34, 834.698, -497.592, 99.3159, NULL, 0, 0, 0, 100, 0),
(5800021, 35, 825.924, -496.693, 100.471, NULL, 0, 0, 0, 100, 0),
(5800021, 36, 817.28, -496.574, 100.248, NULL, 0, 0, 0, 100, 0),
(5800021, 37, 808.042, -494.948, 100.118, NULL, 0, 0, 0, 100, 0),
(5800021, 38, 798.164, -494.324, 99.6841, NULL, 0, 0, 0, 100, 0),
(5800022, 1, 937.461, -510.505, 93.8539, NULL, 0, 0, 0, 100, 0),
(5800022, 2, 932.26, -513.793, 93.5256, NULL, 0, 0, 0, 100, 0),
(5800022, 3, 923.998, -517.295, 93.4901, NULL, 0, 0, 0, 100, 0),
(5800022, 4, 917.094, -516.773, 93.8428, NULL, 0, 0, 0, 100, 0),
(5800022, 5, 907.078, -514.184, 94.8227, NULL, 0, 0, 0, 100, 0),
(5800022, 6, 895.636, -512.658, 95.8619, NULL, 0, 0, 0, 100, 0),
(5800022, 7, 886.194, -509.274, 96.8345, NULL, 0, 0, 0, 100, 0),
(5800022, 8, 882.878, -506.639, 96.6833, NULL, 0, 0, 0, 100, 0),
(5800022, 9, 881.432, -503.637, 96.6672, NULL, 0, 0, 0, 100, 0),
(5800022, 10, 875.734, -491.88, 96.5608, NULL, 0, 0, 0, 100, 0),
(5800022, 11, 868.611, -494.151, 96.5848, NULL, 0, 0, 0, 100, 0),
(5800022, 12, 862.219, -500.89, 96.2036, NULL, 0, 0, 0, 100, 0),
(5800022, 13, 854.536, -501.054, 96.3447, NULL, 0, 0, 0, 100, 0),
(5800022, 14, 845.392, -499.935, 97.7944, NULL, 0, 0, 0, 100, 0),
(5800022, 15, 834.698, -497.592, 99.3159, NULL, 0, 0, 0, 100, 0),
(5800022, 16, 825.924, -496.693, 100.471, NULL, 0, 0, 0, 100, 0),
(5800022, 17, 817.28, -496.574, 100.248, NULL, 0, 0, 0, 100, 0),
(5800022, 18, 808.042, -494.948, 100.118, NULL, 0, 0, 0, 100, 0),
(5800022, 19, 798.164, -494.324, 99.6841, NULL, 0, 0, 0, 100, 0),
(5800022, 20, 788.582, -493.418, 99.3254, NULL, 0, 0, 0, 100, 0),
(5800022, 21, 798.164, -494.324, 99.6841, NULL, 0, 0, 0, 100, 0),
(5800022, 22, 808.042, -494.948, 100.118, NULL, 0, 0, 0, 100, 0),
(5800022, 23, 817.28, -496.574, 100.248, NULL, 0, 0, 0, 100, 0),
(5800022, 24, 825.924, -496.693, 100.471, NULL, 0, 0, 0, 100, 0),
(5800022, 25, 834.698, -497.592, 99.3159, NULL, 0, 0, 0, 100, 0),
(5800022, 26, 845.392, -499.935, 97.7944, NULL, 0, 0, 0, 100, 0),
(5800022, 27, 854.536, -501.054, 96.3447, NULL, 0, 0, 0, 100, 0),
(5800022, 28, 862.219, -500.89, 96.2036, NULL, 0, 0, 0, 100, 0),
(5800022, 29, 868.611, -494.151, 96.5848, NULL, 0, 0, 0, 100, 0),
(5800022, 30, 875.734, -491.88, 96.5608, NULL, 0, 0, 0, 100, 0),
(5800022, 31, 881.432, -503.637, 96.6672, NULL, 0, 0, 0, 100, 0),
(5800022, 32, 882.878, -506.639, 96.6833, NULL, 0, 0, 0, 100, 0),
(5800022, 33, 886.194, -509.274, 96.8345, NULL, 0, 0, 0, 100, 0),
(5800022, 34, 895.636, -512.658, 95.8619, NULL, 0, 0, 0, 100, 0),
(5800022, 35, 907.078, -514.184, 94.8227, NULL, 0, 0, 0, 100, 0),
(5800022, 36, 917.094, -516.773, 93.8428, NULL, 0, 0, 0, 100, 0),
(5800022, 37, 923.998, -517.295, 93.4901, NULL, 0, 0, 0, 100, 0),
(5800022, 38, 932.26, -513.793, 93.5256, NULL, 0, 0, 0, 100, 0),
(5800031, 1, 697.118, -433.26, 62.7088, NULL, 0, 0, 0, 100, 0),
(5800031, 2, 695.155, -425.831, 63.1438, NULL, 0, 0, 0, 100, 0),
(5800031, 3, 691.941, -421.689, 63.9878, NULL, 0, 0, 0, 100, 0),
(5800031, 4, 681.074, -415.146, 65.2851, NULL, 0, 0, 0, 100, 0),
(5800031, 5, 672.871, -411.048, 66.6292, NULL, 0, 0, 0, 100, 0),
(5800031, 6, 665.431, -408.031, 67.3558, NULL, 0, 0, 0, 100, 0),
(5800031, 7, 656.974, -405.291, 67.8184, NULL, 0, 0, 0, 100, 0),
(5800031, 8, 651.191, -402.082, 67.9367, NULL, 0, 0, 0, 100, 0),
(5800031, 9, 644.576, -396.29, 67.9818, NULL, 0, 0, 0, 100, 0),
(5800031, 10, 637.349, -390.864, 67.7745, NULL, 0, 0, 0, 100, 0),
(5800031, 11, 630.543, -386.875, 67.5562, NULL, 0, 0, 0, 100, 0),
(5800031, 12, 624.271, -383.863, 67.5006, NULL, 0, 0, 0, 100, 0),
(5800031, 13, 612.578, -385.298, 66.7668, NULL, 0, 0, 0, 100, 0),
(5800031, 14, 603.571, -387.968, 66.1132, NULL, 0, 0, 0, 100, 0),
(5800031, 15, 593.183, -391.662, 66.0957, NULL, 0, 0, 0, 100, 0),
(5800031, 16, 585.124, -394.176, 65.3779, NULL, 0, 0, 0, 100, 0),
(5800031, 17, 576.671, -395.483, 63.7362, NULL, 0, 0, 0, 100, 0),
(5800031, 18, 567.873, -396.002, 61.0864, NULL, 0, 0, 0, 100, 0),
(5800031, 19, 576.671, -395.483, 63.7362, NULL, 0, 0, 0, 100, 0),
(5800031, 20, 585.124, -394.176, 65.3779, NULL, 0, 0, 0, 100, 0),
(5800031, 21, 593.183, -391.662, 66.0957, NULL, 0, 0, 0, 100, 0),
(5800031, 22, 603.571, -387.968, 66.1132, NULL, 0, 0, 0, 100, 0),
(5800031, 23, 612.578, -385.298, 66.7668, NULL, 0, 0, 0, 100, 0),
(5800031, 24, 624.271, -383.863, 67.5006, NULL, 0, 0, 0, 100, 0),
(5800031, 25, 630.543, -386.875, 67.5562, NULL, 0, 0, 0, 100, 0),
(5800031, 26, 637.349, -390.864, 67.7745, NULL, 0, 0, 0, 100, 0),
(5800031, 27, 644.576, -396.29, 67.9818, NULL, 0, 0, 0, 100, 0),
(5800031, 28, 651.191, -402.082, 67.9367, NULL, 0, 0, 0, 100, 0),
(5800031, 29, 656.974, -405.291, 67.8184, NULL, 0, 0, 0, 100, 0),
(5800031, 30, 665.431, -408.031, 67.3558, NULL, 0, 0, 0, 100, 0),
(5800031, 31, 672.871, -411.048, 66.6292, NULL, 0, 0, 0, 100, 0),
(5800031, 32, 681.074, -415.146, 65.2851, NULL, 0, 0, 0, 100, 0),
(5800031, 33, 691.941, -421.689, 63.9878, NULL, 0, 0, 0, 100, 0),
(5800031, 34, 695.155, -425.831, 63.1438, NULL, 0, 0, 0, 100, 0),
(5800033, 1, 245.345, -416.019, 34.9354, NULL, 0, 0, 0, 100, 0),
(5800033, 2, 251.864, -412.794, 32.4298, NULL, 0, 0, 0, 100, 0),
(5800033, 3, 255.953, -409.896, 29.7049, NULL, 0, 0, 0, 100, 0),
(5800033, 4, 261.076, -405.344, 25.282, NULL, 0, 0, 0, 100, 0),
(5800033, 5, 267.175, -399.099, 19.1368, NULL, 0, 0, 0, 100, 0),
(5800033, 6, 275.052, -391.988, 11.7562, NULL, 0, 0, 0, 100, 0),
(5800033, 7, 280.834, -388.414, 8.0524, NULL, 0, 0, 0, 100, 0),
(5800033, 8, 288.42, -385.06, 4.96265, NULL, 0, 0, 0, 100, 0),
(5800033, 9, 297.414, -381.458, 2.08786, NULL, 0, 0, 0, 100, 0),
(5800033, 10, 306.01, -381.391, 0.0673849, NULL, 0, 0, 0, 100, 0),
(5800033, 11, 312.903, -381.553, -0.709951, NULL, 0, 0, 0, 100, 0),
(5800033, 12, 319.131, -382.166, -0.910495, NULL, 0, 0, 0, 100, 0),
(5800033, 13, 325.719, -383.21, -0.870838, NULL, 0, 0, 0, 100, 0),
(5800033, 14, 335.813, -385.176, -0.672305, NULL, 0, 0, 0, 100, 0),
(5800033, 15, 347.941, -386.902, -0.30096, NULL, 0, 0, 0, 100, 0),
(5800033, 16, 335.813, -385.176, -0.672305, NULL, 0, 0, 0, 100, 0),
(5800033, 17, 325.719, -383.21, -0.870838, NULL, 0, 0, 0, 100, 0),
(5800033, 18, 319.131, -382.166, -0.910495, NULL, 0, 0, 0, 100, 0),
(5800033, 19, 312.903, -381.553, -0.709951, NULL, 0, 0, 0, 100, 0),
(5800033, 20, 306.01, -381.391, 0.0673849, NULL, 0, 0, 0, 100, 0),
(5800033, 21, 297.414, -381.458, 2.08786, NULL, 0, 0, 0, 100, 0),
(5800033, 22, 288.42, -385.06, 4.96265, NULL, 0, 0, 0, 100, 0),
(5800033, 23, 280.834, -388.414, 8.0524, NULL, 0, 0, 0, 100, 0),
(5800033, 24, 275.052, -391.988, 11.7562, NULL, 0, 0, 0, 100, 0),
(5800033, 25, 267.175, -399.099, 19.1368, NULL, 0, 0, 0, 100, 0),
(5800033, 26, 261.076, -405.344, 25.282, NULL, 0, 0, 0, 100, 0),
(5800033, 27, 255.953, -409.896, 29.7049, NULL, 0, 0, 0, 100, 0),
(5800033, 28, 251.864, -412.794, 32.4298, NULL, 0, 0, 0, 100, 0),
(5800036, 1, 392.906, -392.534, -1.14801, NULL, 0, 0, 0, 100, 0),
(5800036, 2, 375.182, -393.928, -0.706186, NULL, 0, 0, 0, 100, 0),
(5800036, 3, 365.757, -391.069, -0.214304, NULL, 0, 0, 0, 100, 0),
(5800036, 4, 341.372, -386.287, -0.388849, NULL, 0, 0, 0, 100, 0),
(5800036, 5, 325.148, -382.593, -0.93716, NULL, 0, 0, 0, 100, 0),
(5800036, 6, 310.36, -381.896, -0.517995, NULL, 0, 0, 0, 100, 0),
(5800036, 7, 300.312, -382.172, 1.27516, NULL, 0, 0, 0, 100, 0),
(5800036, 8, 293.788, -383.311, 3.12561, NULL, 0, 0, 0, 100, 0),
(5800036, 9, 276.573, -391.247, 10.787, NULL, 0, 0, 0, 100, 0),
(5800036, 10, 273.527, -393.265, 13.0037, NULL, 0, 0, 0, 100, 0),
(5800036, 11, 266.451, -400.625, 20.2237, NULL, 0, 0, 0, 100, 0),
(5800036, 12, 259.307, -407.547, 27.0363, NULL, 0, 0, 0, 100, 0),
(5800036, 13, 255.18, -411.186, 30.4236, NULL, 0, 0, 0, 100, 0),
(5800036, 14, 248.79, -414.57, 33.892, NULL, 0, 0, 0, 100, 0),
(5800036, 15, 235.951, -419.113, 37.3921, NULL, 0, 0, 0, 100, 0),
(5800036, 16, 235.951, -419.113, 37.3923, NULL, 0, 0, 0, 100, 0),
(5800036, 17, 225.935, -418.68, 39.3052, NULL, 0, 0, 0, 100, 0),
(5800036, 18, 235.951, -419.113, 37.3923, NULL, 0, 0, 0, 100, 0),
(5800036, 19, 248.79, -414.57, 33.892, NULL, 0, 0, 0, 100, 0),
(5800036, 20, 255.18, -411.186, 30.4236, NULL, 0, 0, 0, 100, 0),
(5800036, 21, 259.307, -407.547, 27.0363, NULL, 0, 0, 0, 100, 0),
(5800036, 22, 266.451, -400.625, 20.2237, NULL, 0, 0, 0, 100, 0),
(5800036, 23, 273.527, -393.265, 13.0037, NULL, 0, 0, 0, 100, 0),
(5800036, 24, 276.573, -391.247, 10.787, NULL, 0, 0, 0, 100, 0),
(5800036, 25, 293.788, -383.311, 3.12561, NULL, 0, 0, 0, 100, 0),
(5800036, 26, 300.312, -382.172, 1.27516, NULL, 0, 0, 0, 100, 0),
(5800036, 27, 310.36, -381.896, -0.517995, NULL, 0, 0, 0, 100, 0),
(5800036, 28, 325.148, -382.593, -0.93716, NULL, 0, 0, 0, 100, 0),
(5800036, 29, 341.372, -386.287, -0.388849, NULL, 0, 0, 0, 100, 0),
(5800036, 30, 365.757, -391.069, -0.214304, NULL, 0, 0, 0, 100, 0),
(5800036, 31, 375.182, -393.928, -0.706186, NULL, 0, 0, 0, 100, 0),
(5800040, 1, 131.633, -383.635, 42.3249, NULL, 0, 0, 0, 100, 0),
(5800040, 2, 139.311, -389.903, 42.3464, NULL, 0, 0, 0, 100, 0),
(5800040, 3, 145.793, -394.346, 42.6466, NULL, 0, 0, 0, 100, 0),
(5800040, 4, 151.222, -397.085, 42.6871, NULL, 0, 0, 0, 100, 0),
(5800040, 5, 165.422, -402.072, 42.6146, NULL, 0, 0, 0, 100, 0),
(5800040, 6, 201.761, -411.403, 42.765, NULL, 0, 0, 0, 100, 0),
(5800040, 7, 210.573, -414.62, 41.5054, NULL, 0, 0, 0, 100, 0),
(5800040, 8, 201.761, -411.403, 42.765, NULL, 0, 0, 0, 100, 0),
(5800040, 9, 165.422, -402.072, 42.6146, NULL, 0, 0, 0, 100, 0),
(5800040, 10, 151.222, -397.085, 42.6871, NULL, 0, 0, 0, 100, 0),
(5800040, 11, 145.793, -394.346, 42.6466, NULL, 0, 0, 0, 100, 0),
(5800040, 12, 139.311, -389.903, 42.3464, NULL, 0, 0, 0, 100, 0),
(5800072, 1, -1435.8, -607.345, 51.1886, NULL, 0, 0, 0, 100, 0),
(5800072, 2, -1435.96, -593.736, 50.9296, NULL, 0, 0, 0, 100, 0),
(5800072, 3, -1429.1, -587.008, 51.1873, NULL, 0, 0, 0, 100, 0),
(5800072, 4, -1420.58, -580.183, 53.2398, NULL, 0, 0, 0, 100, 0),
(5800072, 5, -1411.81, -572.466, 54.9502, NULL, 0, 0, 0, 100, 0),
(5800072, 6, -1402.57, -563.517, 55.3738, NULL, 0, 0, 0, 100, 0),
(5800072, 7, -1391.43, -553.994, 55.0564, NULL, 0, 0, 0, 100, 0),
(5800072, 8, -1383.51, -546.496, 54.9239, NULL, 0, 0, 0, 100, 0),
(5800072, 9, -1391.43, -553.994, 55.0564, NULL, 0, 0, 0, 100, 0),
(5800072, 10, -1402.57, -563.517, 55.3738, NULL, 0, 0, 0, 100, 0),
(5800072, 11, -1411.81, -572.466, 54.9502, NULL, 0, 0, 0, 100, 0),
(5800072, 12, -1420.58, -580.183, 53.2398, NULL, 0, 0, 0, 100, 0),
(5800072, 13, -1429.1, -587.008, 51.1873, NULL, 0, 0, 0, 100, 0),
(5800072, 14, -1435.96, -593.736, 50.9296, NULL, 0, 0, 0, 100, 0),
(5800075, 1, -1445.78, -607.826, 51.2052, NULL, 0, 0, 0, 100, 0),
(5800075, 2, -1454.35, -605.273, 51.2273, NULL, 0, 0, 0, 100, 0),
(5800075, 3, -1459, -606.4, 51.3973, NULL, 0, 0, 0, 100, 0),
(5800075, 4, -1466.03, -610.604, 50.3261, NULL, 0, 0, 0, 100, 0),
(5800075, 5, -1474.32, -617.97, 49.333, NULL, 0, 0, 0, 100, 0),
(5800075, 6, -1483.73, -623.573, 48.1301, NULL, 0, 0, 0, 100, 0),
(5800075, 7, -1490.36, -631.697, 47.5102, NULL, 0, 0, 0, 100, 0),
(5800075, 8, -1492.55, -636.748, 47.6362, NULL, 0, 0, 0, 100, 0),
(5800075, 9, -1493.13, -644.889, 48.071, NULL, 0, 0, 0, 100, 0),
(5800075, 10, -1492.1, -655.317, 48.82, NULL, 0, 0, 0, 100, 0),
(5800075, 11, -1489.56, -662.671, 49.2374, NULL, 0, 0, 0, 100, 0),
(5800075, 12, -1487.15, -677.016, 48.2771, NULL, 0, 0, 0, 100, 0),
(5800075, 13, -1485.77, -681.828, 47.8309, NULL, 0, 0, 0, 100, 0),
(5800075, 14, -1488.81, -698.023, 46.71, NULL, 0, 0, 0, 100, 0),
(5800075, 15, -1485.77, -681.828, 47.8309, NULL, 0, 0, 0, 100, 0),
(5800075, 16, -1487.15, -677.016, 48.2771, NULL, 0, 0, 0, 100, 0),
(5800075, 17, -1489.56, -662.671, 49.2374, NULL, 0, 0, 0, 100, 0),
(5800075, 18, -1492.1, -655.317, 48.82, NULL, 0, 0, 0, 100, 0),
(5800075, 19, -1493.13, -644.889, 48.071, NULL, 0, 0, 0, 100, 0),
(5800075, 20, -1492.55, -636.748, 47.6362, NULL, 0, 0, 0, 100, 0),
(5800075, 21, -1490.36, -631.697, 47.5102, NULL, 0, 0, 0, 100, 0),
(5800075, 22, -1483.73, -623.573, 48.1301, NULL, 0, 0, 0, 100, 0),
(5800075, 23, -1474.32, -617.97, 49.333, NULL, 0, 0, 0, 100, 0),
(5800075, 24, -1466.03, -610.604, 50.3261, NULL, 0, 0, 0, 100, 0),
(5800075, 25, -1459, -606.4, 51.3973, NULL, 0, 0, 0, 100, 0),
(5800075, 26, -1454.35, -605.273, 51.2273, NULL, 0, 0, 0, 100, 0),
(5800078, 1, -1329.24, -289.307, 90.819, NULL, 0, 0, 0, 100, 0),
(5800078, 2, -1311.99, -288.991, 90.6104, NULL, 0, 0, 0, 100, 0),
(5800078, 3, -1290.21, -289.33, 90.0443, NULL, 0, 0, 0, 100, 0),
(5800078, 4, -1280.26, -289.266, 87.3939, NULL, 0, 0, 0, 100, 0),
(5800078, 5, -1274.59, -286.991, 84.0891, NULL, 0, 0, 0, 100, 0),
(5800078, 6, -1266.69, -281.954, 77.1243, NULL, 0, 0, 0, 100, 0),
(5800078, 7, -1257.65, -272.6, 73.0226, NULL, 0, 0, 0, 100, 0),
(5800078, 8, -1266.69, -281.954, 77.1243, NULL, 0, 0, 0, 100, 0),
(5800078, 9, -1274.59, -286.991, 84.0891, NULL, 0, 0, 0, 100, 0),
(5800078, 10, -1280.26, -289.266, 87.3939, NULL, 0, 0, 0, 100, 0),
(5800078, 11, -1290.21, -289.33, 90.0443, NULL, 0, 0, 0, 100, 0),
(5800086, 1, -1201.58, -257.171, 72.4918, NULL, 0, 0, 0, 100, 0),
(5800086, 2, -1197.95, -262.683, 72.3725, NULL, 0, 0, 0, 100, 0),
(5800086, 3, -1197.17, -268.171, 72.353, NULL, 0, 0, 0, 100, 0),
(5800086, 4, -1197.82, -278.602, 72.1001, NULL, 0, 0, 0, 100, 0),
(5800086, 5, -1206, -288.024, 71.8411, NULL, 0, 0, 0, 100, 0),
(5800086, 6, -1221.47, -303.994, 66.8572, NULL, 0, 0, 0, 100, 0),
(5800086, 7, -1233.7, -320.278, 60.9631, NULL, 0, 0, 0, 100, 0),
(5800086, 8, -1246.94, -340.097, 59.251, NULL, 0, 0, 0, 100, 0),
(5800086, 9, -1247.34, -350.341, 59.5122, NULL, 0, 0, 0, 100, 0),
(5800086, 10, -1246.6, -355.047, 59.4873, NULL, 0, 0, 0, 100, 0),
(5800086, 11, -1243.6, -361.539, 59.7954, NULL, 0, 0, 0, 100, 0),
(5800086, 12, -1237.3, -367.142, 59.0394, NULL, 0, 0, 0, 100, 0),
(5800086, 13, -1225.71, -367.37, 57.9607, NULL, 0, 0, 0, 100, 0),
(5800086, 14, -1203.15, -366.927, 54.3534, NULL, 0, 0, 0, 100, 0),
(5800086, 15, -1193.9, -364.95, 52.6931, NULL, 0, 0, 0, 100, 0),
(5800086, 16, -1188.5, -362.882, 52.3828, NULL, 0, 0, 0, 100, 0),
(5800086, 17, -1169.45, -353.457, 51.9669, NULL, 0, 0, 0, 100, 0),
(5800086, 18, -1167.67, -353.311, 51.8879, NULL, 0, 0, 0, 100, 0),
(5800086, 19, -1169.45, -353.457, 51.9669, NULL, 0, 0, 0, 100, 0),
(5800086, 20, -1188.5, -362.882, 52.3828, NULL, 0, 0, 0, 100, 0),
(5800086, 21, -1193.9, -364.95, 52.6931, NULL, 0, 0, 0, 100, 0),
(5800086, 22, -1203.15, -366.927, 54.3534, NULL, 0, 0, 0, 100, 0),
(5800086, 23, -1225.71, -367.37, 57.9607, NULL, 0, 0, 0, 100, 0),
(5800086, 24, -1237.3, -367.142, 59.0394, NULL, 0, 0, 0, 100, 0),
(5800086, 25, -1243.6, -361.539, 59.7954, NULL, 0, 0, 0, 100, 0),
(5800086, 26, -1246.6, -355.047, 59.4873, NULL, 0, 0, 0, 100, 0),
(5800086, 27, -1247.34, -350.341, 59.5122, NULL, 0, 0, 0, 100, 0),
(5800086, 28, -1246.94, -340.097, 59.251, NULL, 0, 0, 0, 100, 0),
(5800086, 29, -1233.7, -320.278, 60.9631, NULL, 0, 0, 0, 100, 0),
(5800086, 30, -1221.47, -303.994, 66.8572, NULL, 0, 0, 0, 100, 0),
(5800086, 31, -1206, -288.024, 71.8411, NULL, 0, 0, 0, 100, 0),
(5800086, 32, -1197.82, -278.602, 72.1001, NULL, 0, 0, 0, 100, 0),
(5800086, 33, -1197.17, -268.171, 72.353, NULL, 0, 0, 0, 100, 0),
(5800086, 34, -1197.95, -262.683, 72.3725, NULL, 0, 0, 0, 100, 0),
(5800089, 1, -1275.82, -366.076, 59.8327, NULL, 0, 0, 0, 100, 0),
(5800089, 2, -1273.95, -351.691, 60.5163, NULL, 0, 0, 0, 100, 0),
(5800089, 3, -1266.09, -346.878, 60.1653, NULL, 0, 0, 0, 100, 0),
(5800089, 4, -1257.39, -343.354, 59.7278, NULL, 0, 0, 0, 100, 0),
(5800089, 5, -1248.86, -342.783, 59.1564, NULL, 0, 0, 0, 100, 0),
(5800089, 6, -1242.7, -331.89, 59.6309, NULL, 0, 0, 0, 100, 0),
(5800089, 7, -1232.14, -318.499, 61.3282, NULL, 0, 0, 0, 100, 0),
(5800089, 8, -1225.04, -309.038, 64.6814, NULL, 0, 0, 0, 100, 0),
(5800089, 9, -1212.28, -294.796, 70.8917, NULL, 0, 0, 0, 100, 0),
(5800089, 10, -1200.18, -282.309, 72.0203, NULL, 0, 0, 0, 100, 0),
(5800089, 11, -1197.36, -276.109, 72.1409, NULL, 0, 0, 0, 100, 0),
(5800089, 12, -1197.26, -270.797, 72.3545, NULL, 0, 0, 0, 100, 0),
(5800089, 13, -1198.51, -264.237, 72.3367, NULL, 0, 0, 0, 100, 0),
(5800089, 14, -1200.81, -259.298, 72.4172, NULL, 0, 0, 0, 100, 0),
(5800089, 15, -1205.73, -254.926, 72.4992, NULL, 0, 0, 0, 100, 0),
(5800089, 16, -1209.17, -253.971, 72.6054, NULL, 0, 0, 0, 100, 0),
(5800091, 1, -959.417, -329.836, 62.0298, NULL, 0, 0, 0, 100, 0),
(5800091, 2, -977.906, -341.307, 59.613, NULL, 0, 0, 0, 100, 0),
(5800091, 3, -986.22, -341.143, 58.5553, NULL, 0, 0, 0, 100, 0),
(5800091, 4, -992.387, -335.398, 58.4553, NULL, 0, 0, 0, 100, 0),
(5800091, 5, -997.654, -336.862, 58.4646, NULL, 0, 0, 0, 100, 0),
(5800091, 6, -1007.99, -335.224, 58.9847, NULL, 0, 0, 0, 100, 0),
(5800091, 7, -1019.77, -330.982, 59.3804, NULL, 0, 0, 0, 100, 0),
(5800091, 8, -1024.6, -322.812, 58.7416, NULL, 0, 0, 0, 100, 0),
(5800091, 9, -1031, -316.517, 58.1094, NULL, 0, 0, 0, 100, 0),
(5800091, 10, -1039.95, -315.564, 57.0287, NULL, 0, 0, 0, 100, 0),
(5800091, 11, -1048.43, -319.72, 56.6613, NULL, 0, 0, 0, 100, 0),
(5800091, 12, -1066.73, -333.657, 56.2683, NULL, 0, 0, 0, 100, 0),
(5800091, 13, -1076.03, -333.913, 55.4873, NULL, 0, 0, 0, 100, 0),
(5800091, 14, -1066.73, -333.657, 56.2683, NULL, 0, 0, 0, 100, 0),
(5800091, 15, -1048.43, -319.72, 56.6613, NULL, 0, 0, 0, 100, 0),
(5800091, 16, -1039.95, -315.564, 57.0287, NULL, 0, 0, 0, 100, 0),
(5800091, 17, -1031, -316.517, 58.1094, NULL, 0, 0, 0, 100, 0),
(5800091, 18, -1024.6, -322.812, 58.7416, NULL, 0, 0, 0, 100, 0),
(5800091, 19, -1019.77, -330.982, 59.3804, NULL, 0, 0, 0, 100, 0),
(5800091, 20, -1007.99, -335.224, 58.9847, NULL, 0, 0, 0, 100, 0),
(5800091, 21, -997.654, -336.862, 58.4646, NULL, 0, 0, 0, 100, 0),
(5800091, 22, -992.387, -335.398, 58.4553, NULL, 0, 0, 0, 100, 0),
(5800091, 23, -986.22, -341.143, 58.5553, NULL, 0, 0, 0, 100, 0),
(5800091, 24, -977.906, -341.307, 59.613, NULL, 0, 0, 0, 100, 0),
(5800093, 1, -1137.38, -349.336, 51.1956, NULL, 0, 0, 0, 100, 0),
(5800093, 2, -1103.75, -367.169, 51.4946, NULL, 0, 0, 0, 100, 0),
(5800093, 3, -1066.44, -361.868, 51.3889, NULL, 0, 0, 0, 100, 0),
(5800093, 4, -1057.32, -366.65, 51.411, NULL, 0, 0, 0, 100, 0),
(5800093, 5, -1053.12, -376.334, 51.3575, NULL, 0, 0, 0, 100, 0),
(5800093, 6, -1045.27, -384.25, 50.9424, NULL, 0, 0, 0, 100, 0),
(5800093, 7, -1030.76, -391.715, 50.655, NULL, 0, 0, 0, 100, 0),
(5800093, 8, -1025.91, -392.76, 50.7697, NULL, 0, 0, 0, 100, 0),
(5800093, 9, -1030.76, -391.715, 50.655, NULL, 0, 0, 0, 100, 0),
(5800093, 10, -1045.27, -384.25, 50.9424, NULL, 0, 0, 0, 100, 0),
(5800093, 11, -1053.12, -376.334, 51.3575, NULL, 0, 0, 0, 100, 0),
(5800093, 12, -1057.32, -366.65, 51.411, NULL, 0, 0, 0, 100, 0),
(5800093, 13, -1066.44, -361.868, 51.3889, NULL, 0, 0, 0, 100, 0),
(5800093, 14, -1103.75, -367.169, 51.4946, NULL, 0, 0, 0, 100, 0),
(5800095, 1, -896.268, -380.458, 48.7216, NULL, 0, 0, 0, 100, 0),
(5800095, 2, -911.197, -382.106, 49.0696, NULL, 0, 0, 0, 100, 0),
(5800095, 3, -926.562, -387.032, 49.2824, NULL, 0, 0, 0, 100, 0),
(5800095, 4, -970.71, -397.265, 49.2332, NULL, 0, 0, 0, 100, 0),
(5800095, 5, -1006.65, -398.418, 50.5847, NULL, 0, 0, 0, 100, 0),
(5800095, 6, -1017.54, -394.501, 50.6974, NULL, 0, 0, 0, 100, 0),
(5800095, 7, -1020.55, -394.156, 50.7266, NULL, 0, 0, 0, 100, 0),
(5800095, 8, -1017.54, -394.501, 50.6974, NULL, 0, 0, 0, 100, 0),
(5800095, 9, -1006.65, -398.418, 50.5847, NULL, 0, 0, 0, 100, 0),
(5800095, 10, -970.71, -397.265, 49.2332, NULL, 0, 0, 0, 100, 0),
(5800095, 11, -926.562, -387.032, 49.2824, NULL, 0, 0, 0, 100, 0),
(5800095, 12, -911.197, -382.106, 49.0696, NULL, 0, 0, 0, 100, 0),
(5800097, 1, -713.698, -446.111, 81.4593, NULL, 0, 0, 0, 100, 0),
(5800097, 2, -731.572, -452.231, 74.3761, NULL, 0, 0, 0, 100, 0),
(5800097, 3, -747.434, -455.907, 68.2193, NULL, 0, 0, 0, 100, 0),
(5800097, 4, -751.901, -451.405, 67.5458, NULL, 0, 0, 0, 100, 0),
(5800097, 5, -752.225, -434.895, 66.2873, NULL, 0, 0, 0, 100, 0),
(5800097, 6, -757.571, -429.393, 65.3169, NULL, 0, 0, 0, 100, 0),
(5800097, 7, -763.516, -430.247, 64.4148, NULL, 0, 0, 0, 100, 0),
(5800097, 8, -772.514, -429.964, 62.8807, NULL, 0, 0, 0, 100, 0),
(5800097, 9, -795.279, -444.918, 56.7169, NULL, 0, 0, 0, 100, 0),
(5800097, 10, -808.234, -449.127, 55.0389, NULL, 0, 0, 0, 100, 0),
(5800097, 11, -814.86, -444.885, 54.7181, NULL, 0, 0, 0, 100, 0),
(5800097, 12, -821.22, -435.606, 53.5256, NULL, 0, 0, 0, 100, 0),
(5800097, 13, -833.008, -408.941, 51.9455, NULL, 0, 0, 0, 100, 0),
(5800097, 14, -840.928, -397.482, 51.2643, NULL, 0, 0, 0, 100, 0),
(5800097, 15, -845.47, -393.045, 50.8114, NULL, 0, 0, 0, 100, 0),
(5800097, 16, -852.125, -390.289, 50.0405, NULL, 0, 0, 0, 100, 0),
(5800097, 17, -872.529, -390.053, 48.6276, NULL, 0, 0, 0, 100, 0),
(5800097, 18, -880.341, -386.708, 48.5783, NULL, 0, 0, 0, 100, 0),
(5800097, 19, -888.648, -381.707, 48.621, NULL, 0, 0, 0, 100, 0),
(5800097, 20, -892.538, -381.57, 48.6509, NULL, 0, 0, 0, 100, 0),
(5800097, 21, -888.648, -381.707, 48.621, NULL, 0, 0, 0, 100, 0),
(5800097, 22, -880.341, -386.708, 48.5783, NULL, 0, 0, 0, 100, 0),
(5800097, 23, -872.529, -390.053, 48.6276, NULL, 0, 0, 0, 100, 0),
(5800097, 24, -852.125, -390.289, 50.0405, NULL, 0, 0, 0, 100, 0),
(5800097, 25, -845.47, -393.045, 50.8114, NULL, 0, 0, 0, 100, 0),
(5800097, 26, -840.928, -397.482, 51.2643, NULL, 0, 0, 0, 100, 0),
(5800097, 27, -833.008, -408.941, 51.9455, NULL, 0, 0, 0, 100, 0),
(5800097, 28, -821.22, -435.606, 53.5256, NULL, 0, 0, 0, 100, 0),
(5800097, 29, -814.86, -444.885, 54.7181, NULL, 0, 0, 0, 100, 0),
(5800097, 30, -808.234, -449.127, 55.0389, NULL, 0, 0, 0, 100, 0),
(5800097, 31, -795.279, -444.918, 56.7169, NULL, 0, 0, 0, 100, 0),
(5800097, 32, -772.514, -429.964, 62.8807, NULL, 0, 0, 0, 100, 0),
(5800097, 33, -763.516, -430.247, 64.4148, NULL, 0, 0, 0, 100, 0),
(5800097, 34, -757.571, -429.393, 65.3169, NULL, 0, 0, 0, 100, 0),
(5800097, 35, -752.225, -434.895, 66.2873, NULL, 0, 0, 0, 100, 0),
(5800097, 36, -751.901, -451.405, 67.5458, NULL, 0, 0, 0, 100, 0),
(5800097, 37, -747.434, -455.907, 68.2193, NULL, 0, 0, 0, 100, 0),
(5800097, 38, -731.572, -452.231, 74.3761, NULL, 0, 0, 0, 100, 0),
(5800099, 1, -782.977, -436.995, 59.7819, NULL, 0, 0, 0, 100, 0),
(5800099, 2, -796.65, -446.053, 56.4343, NULL, 0, 0, 0, 100, 0),
(5800099, 3, -805.163, -449.698, 55.2507, NULL, 0, 0, 0, 100, 0),
(5800099, 4, -812.165, -447.783, 54.8632, NULL, 0, 0, 0, 100, 0),
(5800099, 5, -820.786, -438.081, 53.8364, NULL, 0, 0, 0, 100, 0),
(5800099, 6, -826.924, -423.585, 52.6522, NULL, 0, 0, 0, 100, 0),
(5800099, 7, -835.46, -400.448, 51.6364, NULL, 0, 0, 0, 100, 0),
(5800099, 8, -832.92, -383.99, 53.824, NULL, 0, 0, 0, 100, 0),
(5800099, 9, -832.092, -362.936, 50.8661, NULL, 0, 0, 0, 100, 0),
(5800099, 10, -820.672, -350.828, 50.9776, NULL, 0, 0, 0, 100, 0),
(5800099, 11, -813.543, -334.703, 54.6626, NULL, 0, 0, 0, 100, 0),
(5800099, 12, -805.074, -332.422, 58.1866, NULL, 0, 0, 0, 100, 0),
(5800099, 13, -794.968, -339.947, 62.1338, NULL, 0, 0, 0, 100, 0),
(5800099, 14, -783.179, -338.88, 65.1157, NULL, 0, 0, 0, 100, 0),
(5800099, 15, -771.024, -334.771, 66.5128, NULL, 0, 0, 0, 100, 0),
(5800099, 16, -761.678, -343.275, 67.3447, NULL, 0, 0, 0, 100, 0),
(5800099, 17, -751.145, -346.335, 66.8274, NULL, 0, 0, 0, 100, 0),
(5800099, 18, -735.387, -341.891, 66.6296, NULL, 0, 0, 0, 100, 0),
(5800099, 19, -727.414, -344.832, 66.7935, NULL, 0, 0, 0, 100, 0),
(5800099, 20, -714.725, -360.543, 66.7901, NULL, 0, 0, 0, 100, 0),
(5800099, 21, -713.14, -372.704, 67.1324, NULL, 0, 0, 0, 100, 0),
(5800099, 22, -715.018, -388.567, 67.4566, NULL, 0, 0, 0, 100, 0),
(5800099, 23, -716.461, -403.829, 67.6, NULL, 0, 0, 0, 100, 0),
(5800099, 24, -722.05, -410.323, 67.6, NULL, 0, 0, 0, 100, 0),
(5800099, 25, -729.887, -416.806, 67.6, NULL, 0, 0, 0, 100, 0),
(5800099, 26, -741.814, -423.241, 67.0426, NULL, 0, 0, 0, 100, 0),
(5800099, 27, -754.692, -427.594, 65.948, NULL, 0, 0, 0, 100, 0),
(5800099, 28, -769.716, -430.644, 63.3278, NULL, 0, 0, 0, 100, 0),
(5800099, 29, -777.196, -434.081, 61.4642, NULL, 0, 0, 0, 100, 0),
(5800102, 1, -777.196, -434.081, 61.4642, NULL, 0, 0, 0, 100, 0),
(5800102, 2, -769.716, -430.644, 63.3278, NULL, 0, 0, 0, 100, 0),
(5800102, 3, -754.692, -427.594, 65.948, NULL, 0, 0, 0, 100, 0),
(5800102, 4, -741.814, -423.241, 67.0426, NULL, 0, 0, 0, 100, 0),
(5800102, 5, -729.887, -416.806, 67.6, NULL, 0, 0, 0, 100, 0),
(5800102, 6, -722.05, -410.323, 67.6, NULL, 0, 0, 0, 100, 0),
(5800102, 7, -716.461, -403.829, 67.6, NULL, 0, 0, 0, 100, 0),
(5800102, 8, -715.018, -388.567, 67.4566, NULL, 0, 0, 0, 100, 0),
(5800102, 9, -713.14, -372.704, 67.1324, NULL, 0, 0, 0, 100, 0),
(5800102, 10, -714.725, -360.543, 66.7901, NULL, 0, 0, 0, 100, 0),
(5800102, 11, -727.414, -344.832, 66.7935, NULL, 0, 0, 0, 100, 0),
(5800102, 12, -735.387, -341.891, 66.6296, NULL, 0, 0, 0, 100, 0),
(5800102, 13, -751.145, -346.335, 66.8274, NULL, 0, 0, 0, 100, 0),
(5800102, 14, -761.678, -343.275, 67.3447, NULL, 0, 0, 0, 100, 0),
(5800102, 15, -771.024, -334.771, 66.5128, NULL, 0, 0, 0, 100, 0),
(5800102, 16, -783.179, -338.88, 65.1157, NULL, 0, 0, 0, 100, 0),
(5800102, 17, -794.968, -339.947, 62.1338, NULL, 0, 0, 0, 100, 0),
(5800102, 18, -805.074, -332.422, 58.1866, NULL, 0, 0, 0, 100, 0),
(5800102, 19, -813.543, -334.703, 54.6626, NULL, 0, 0, 0, 100, 0),
(5800102, 20, -820.672, -350.828, 50.9776, NULL, 0, 0, 0, 100, 0),
(5800102, 21, -832.092, -362.936, 50.8661, NULL, 0, 0, 0, 100, 0),
(5800102, 22, -832.92, -383.99, 53.824, NULL, 0, 0, 0, 100, 0),
(5800102, 23, -835.46, -400.448, 51.6364, NULL, 0, 0, 0, 100, 0),
(5800102, 24, -826.924, -423.585, 52.6522, NULL, 0, 0, 0, 100, 0),
(5800102, 25, -820.786, -438.081, 53.8364, NULL, 0, 0, 0, 100, 0),
(5800102, 26, -812.165, -447.783, 54.8632, NULL, 0, 0, 0, 100, 0),
(5800102, 27, -805.163, -449.698, 55.2507, NULL, 0, 0, 0, 100, 0),
(5800102, 28, -796.65, -446.053, 56.4343, NULL, 0, 0, 0, 100, 0),
(5800102, 29, -782.977, -436.995, 59.7819, NULL, 0, 0, 0, 100, 0);
